Frame,Visibility,X,Y,Radius
0,1,1485,386,0
1,1,1481,386,8
2,1,1473,390,8
3,1,1466,393,9
4,1,1462,401,9
5,1,1458,405,10
6,1,1455,412,10
7,1,1451,416,10
8,1,1447,420,10
9,0,-1,-1,0
10,1,1432,442,10
11,1,1428,450,11
12,1,1428,461,11
13,1,1425,468,11
14,1,1421,476,11
15,0,-1,-1,0
16,1,1803,693,12
17,1,1803,693,14
18,1,326,56,14
19,1,326,56,11
20,1,326,56,9
21,1,326,56,9
22,1,296,705,6
23,1,300,705,6
24,1,1035,667,7
25,1,1038,663,7
26,1,131,547,7
27,1,1781,60,9
28,1,1526,1001,9
29,1,1800,622,15
30,1,1800,615,15
31,1,161,1020,13
32,1,465,1020,12
33,1,468,1023,12
34,1,1713,1016,12
35,1,1721,1020,13
36,1,1725,1016,13
37,1,1740,1016,12
38,1,1725,543,14
39,1,1770,1020,14
40,1,461,1016,13
41,1,465,1016,13
42,1,528,1020,13
43,1,532,1020,13
44,1,1631,945,12
45,1,262,851,14
46,1,577,862,14
47,0,-1,-1,0
48,1,663,566,15
49,1,675,558,15
50,1,682,555,14
51,0,-1,-1,0
52,1,708,547,13
53,1,1691,960,12
54,1,236,1020,12
55,1,236,1020,12
56,1,232,1020,13
57,1,765,543,12
58,1,776,543,12
59,1,783,543,12
60,1,791,547,13
61,1,802,547,13
62,1,232,1023,12
63,1,828,558,13
64,1,825,978,11
65,1,843,982,10
66,1,862,581,10
67,1,873,588,11
68,1,885,596,12
69,1,896,607,11
70,1,907,622,11
71,1,915,633,11
72,1,386,678,11
73,1,386,678,11
74,1,911,600,11
75,1,907,585,11
76,1,375,682,11
77,1,892,558,13
78,1,191,948,13
79,1,183,952,13
80,1,168,948,12
81,1,592,956,12
82,1,1023,645,12
83,1,1023,648,14
84,1,1023,645,16
85,1,191,558,16
86,1,191,558,15
87,1,641,986,12
88,1,641,986,9
89,1,112,956,9
90,0,-1,-1,0
91,0,-1,-1,0
92,1,1567,690,11
93,1,525,952,11
94,1,131,555,11
95,1,131,558,11
96,1,1432,956,11
97,1,198,956,12
98,1,195,956,12
99,1,821,588,12
100,1,131,772,11
101,1,135,765,10
102,1,142,753,10
103,0,-1,-1,0
104,1,948,776,12
105,0,-1,-1,0
106,0,-1,-1,0
107,1,847,581,13
108,1,146,750,12
109,0,-1,-1,0
110,1,926,573,11
111,1,941,573,11
112,1,952,570,11
113,1,971,570,12
114,0,-1,-1,0
115,1,1020,588,11
116,1,1038,596,11
117,0,-1,-1,0
118,1,1057,603,13
119,1,1091,618,15
120,1,1106,622,22
121,1,1125,641,19
122,1,1136,652,17
123,1,1166,667,14
124,1,1170,675,14
125,1,1181,693,11
126,1,1203,712,10
127,1,1215,727,9
128,1,1218,727,9
129,1,1233,746,10
130,1,1312,525,10
131,1,1252,768,12
132,1,1248,765,22
133,1,1248,757,25
134,1,1237,750,21
135,1,135,746,18
136,1,135,746,18
137,1,1215,592,13
138,1,1207,570,11
139,1,1203,551,12
140,1,1200,536,12
141,1,1196,521,13
142,1,1188,506,13
143,1,1188,495,12
144,1,1113,618,12
145,1,1113,618,11
146,1,1113,618,10
147,1,1113,618,8
148,1,1117,622,7
149,1,1121,622,7
150,1,1121,618,7
151,1,1125,618,7
152,1,1125,622,7
153,1,247,660,7
154,1,1128,622,7
155,1,1128,622,7
156,1,1132,618,7
157,1,1136,618,7
158,1,1136,618,7
159,1,1136,618,7
160,1,1140,618,7
161,1,1140,618,7
162,1,1102,405,7
163,1,1098,408,8
164,1,1095,416,10
165,1,1087,427,21
166,1,1083,435,21
167,1,1151,618,17
168,1,1076,450,17
169,1,1076,450,18
170,1,150,438,21
171,1,1061,476,25
172,1,1057,491,32
173,1,1162,618,26
174,1,1162,618,22
175,1,1166,618,13
176,1,1166,618,9
177,1,1166,618,9
178,1,1038,521,8
179,1,1035,521,9
180,1,157,513,11
181,1,157,513,21
182,1,1087,772,17
183,1,157,517,17
184,0,-1,-1,0
185,0,-1,-1,0
186,0,-1,-1,0
187,0,-1,-1,0
188,1,1020,742,18
189,0,-1,-1,0
190,0,-1,-1,0
191,0,-1,-1,0
192,0,-1,-1,0
193,1,1005,521,19
194,1,1005,521,16
195,1,1001,525,16
196,1,997,525,19
197,1,990,525,18
198,1,228,502,15
199,0,-1,-1,0
200,1,952,547,18
201,1,948,551,18
202,1,941,558,21
203,1,937,570,25
204,0,-1,-1,0
205,0,-1,-1,0
206,0,-1,-1,0
207,0,-1,-1,0
208,1,888,626,22
209,1,877,641,19
210,1,870,660,21
211,1,862,663,23
212,0,-1,-1,0
213,0,-1,-1,0
214,1,858,633,19
215,1,855,607,16
216,0,-1,-1,0
217,0,-1,-1,0
218,1,855,551,12
219,1,851,532,11
220,1,851,517,12
221,1,847,502,14
222,1,847,495,14
223,1,847,487,16
224,0,-1,-1,0
225,1,843,457,15
226,1,840,442,14
227,1,840,435,13
228,1,836,427,13
229,1,836,420,13
230,1,836,408,13
231,1,836,405,13
232,1,832,401,13
233,1,832,393,13
234,1,832,397,12
235,1,828,397,12
236,1,828,397,12
237,1,828,397,12
238,1,828,397,12
239,1,828,401,12
240,1,825,405,12
241,1,825,408,12
242,1,825,420,12
243,1,821,427,12
244,1,821,427,12
245,1,821,435,12
246,1,821,438,12
247,1,817,453,12
248,1,817,461,12
249,1,813,472,12
250,1,813,487,13
251,1,810,506,15
252,1,810,517,14
253,1,810,536,13
254,0,-1,-1,0
255,0,-1,-1,0
256,0,-1,-1,0
257,1,810,528,13
258,1,813,513,15
259,1,821,491,17
260,0,-1,-1,0
261,0,-1,-1,0
262,1,825,446,24
263,1,828,438,28
264,1,825,431,28
265,1,825,412,24
266,1,828,401,21
267,1,828,390,22
268,0,-1,-1,0
269,0,-1,-1,0
270,1,198,731,18
271,1,292,637,18
272,1,292,637,15
273,1,288,637,10
274,1,288,637,8
275,1,288,637,8
276,1,292,637,7
277,1,292,637,7
278,1,292,633,7
279,1,198,716,7
280,1,270,637,7
281,1,153,765,7
282,1,198,716,7
283,1,86,536,7
284,1,90,536,5
285,1,90,536,5
286,1,1143,596,6
287,1,1140,600,6
288,1,228,645,7
289,1,236,641,7
290,1,232,641,7
291,1,232,641,7
292,1,228,641,7
293,1,225,641,7
294,1,225,641,7
295,1,221,641,7
296,1,1563,641,8
297,1,127,926,9
298,1,202,641,11
299,1,412,506,12
300,1,476,922,12
301,1,476,922,12
302,1,476,922,12
303,1,472,922,12
304,1,960,596,12
305,1,420,498,13
306,1,367,926,13
307,1,142,652,13
308,1,142,648,12
309,1,431,922,11
310,1,918,641,11
311,1,915,645,13
312,1,1038,603,11
313,1,1035,600,10
314,1,1181,843,11
315,1,138,648,9
316,1,127,656,9
317,1,127,652,8
318,1,127,648,7
