frame,x,y,vx,vy,confidence,detected
0,401.0,626.0,0.0,0.0,0.656578540802002,True
1,,,,,,False
2,,,,,,False
3,,,,,,False
4,,,,,,False
5,627.0,605.0,45.2,-4.2,0.5421684980392456,True
6,627.0,605.0,0.0,0.0,0.5385487079620361,True
7,,,,,,False
8,,,,,,False
9,,,,,,False
10,,,,,,False
11,,,,,,False
12,,,,,,False
13,870.0,612.0,34.714285714285715,1.0,0.5948088765144348,True
14,903.0,616.0,33.0,4.0,0.5590292811393738,True
15,,,,,,False
16,,,,,,False
17,,,,,,False
18,1037.0,640.0,33.5,6.0,0.5295385718345642,True
19,,,,,,False
20,,,,,,False
21,1135.0,665.0,32.666666666666664,8.333333333333334,0.6709755063056946,True
22,,,,,,False
23,,,,,,False
24,,,,,,False
25,1262.0,712.0,31.75,11.75,0.5942932367324829,True
26,,,,,,False
27,,,,,,False
28,,,,,,False
29,,,,,,False
30,,,,,,False
31,1204.0,569.0,-9.666666666666666,-23.833333333333332,0.5358454585075378,True
32,,,,,,False
33,,,,,,False
34,,,,,,False
35,,,,,,False
36,,,,,,False
37,,,,,,False
38,,,,,,False
39,1308.0,650.0,13.0,10.125,0.7542125582695007,True
40,,,,,,False
41,1289.0,630.0,-9.5,-10.0,0.6628578901290894,True
42,1280.0,621.0,-9.0,-9.0,0.7224547863006592,True
43,,,,,,False
44,1260.0,606.0,-10.0,-7.5,0.7386565804481506,True
45,,,,,,False
46,1242.0,591.0,-9.0,-7.5,0.6615393161773682,True
47,1233.0,587.0,-9.0,-4.0,0.5909453630447388,True
48,,,,,,False
49,,,,,,False
50,1206.0,567.0,-9.0,-6.666666666666667,0.5451731085777283,True
51,,,,,,False
52,,,,,,False
53,,,,,,False
54,,,,,,False
55,,,,,,False
56,,,,,,False
57,,,,,,False
58,,,,,,False
59,1141.0,573.0,-7.222222222222222,0.6666666666666666,0.6174859404563904,True
60,,,,,,False
61,1139.0,537.0,-1.0,-18.0,0.6301803588867188,True
62,,,,,,False
63,,,,,,False
64,1137.0,488.0,-0.6666666666666666,-16.333333333333332,0.5515133142471313,True
65,1136.0,474.0,-1.0,-14.0,0.7295817136764526,True
66,1136.0,461.0,0.0,-13.0,0.76233971118927,True
67,1136.0,448.0,0.0,-13.0,0.7356539964675903,True
68,1136.0,435.0,0.0,-13.0,0.7495124936103821,True
69,1134.0,425.0,-2.0,-10.0,0.6365788578987122,True
70,1134.0,414.0,0.0,-11.0,0.7025324106216431,True
71,1132.0,405.0,-2.0,-9.0,0.6833664774894714,True
72,1132.0,397.0,0.0,-8.0,0.598156750202179,True
73,1131.0,388.0,-1.0,-9.0,0.6233527064323425,True
74,,,,,,False
75,,,,,,False
76,,,,,,False
77,,,,,,False
78,,,,,,False
79,1122.0,358.0,-1.5,-5.0,0.5841818451881409,True
80,1121.0,355.0,-1.0,-3.0,0.6949565410614014,True
81,1120.0,354.0,-1.0,-1.0,0.7226812839508057,True
82,1118.0,353.0,-2.0,-1.0,0.7207141518592834,True
83,1118.0,353.0,0.0,0.0,0.7261602878570557,True
84,1116.0,355.0,-2.0,2.0,0.7390711903572083,True
85,1115.0,356.0,-1.0,1.0,0.725383996963501,True
86,1115.0,359.0,0.0,3.0,0.7386221289634705,True
87,1112.0,366.0,-3.0,7.0,0.7352403998374939,True
88,1112.0,366.0,0.0,0.0,0.735858142375946,True
89,1110.0,372.0,-2.0,6.0,0.6174208521842957,True
90,1108.0,377.0,-2.0,5.0,0.5176942944526672,True
91,1108.0,383.0,0.0,6.0,0.5155379772186279,True
92,,,,,,False
93,,,,,,False
94,,,,,,False
95,,,,,,False
96,,,,,,False
97,,,,,,False
98,,,,,,False
99,1098.0,459.0,-1.25,9.5,0.7047827839851379,True
100,,,,,,False
101,,,,,,False
102,,,,,,False
103,,,,,,False
104,,,,,,False
105,,,,,,False
106,,,,,,False
107,,,,,,False
108,,,,,,False
109,,,,,,False
110,,,,,,False
111,,,,,,False
112,,,,,,False
113,,,,,,False
114,,,,,,False
115,,,,,,False
116,,,,,,False
117,,,,,,False
118,,,,,,False
119,,,,,,False
120,,,,,,False
121,,,,,,False
122,,,,,,False
123,,,,,,False
124,,,,,,False
125,,,,,,False
126,,,,,,False
127,,,,,,False
128,,,,,,False
129,,,,,,False
130,,,,,,False
131,,,,,,False
132,,,,,,False
133,,,,,,False
134,,,,,,False
135,,,,,,False
136,,,,,,False
137,,,,,,False
138,,,,,,False
139,,,,,,False
140,,,,,,False
141,,,,,,False
142,,,,,,False
143,,,,,,False
144,,,,,,False
145,,,,,,False
146,,,,,,False
147,,,,,,False
148,,,,,,False
149,,,,,,False
150,,,,,,False
151,,,,,,False
152,,,,,,False
153,,,,,,False
154,,,,,,False
155,,,,,,False
156,,,,,,False
157,,,,,,False
158,,,,,,False
159,,,,,,False
160,,,,,,False
161,,,,,,False
162,,,,,,False
163,,,,,,False
164,,,,,,False
165,,,,,,False
166,,,,,,False
167,,,,,,False
168,,,,,,False
169,,,,,,False
170,,,,,,False
171,,,,,,False
172,,,,,,False
173,,,,,,False
174,,,,,,False
175,,,,,,False
176,,,,,,False
177,,,,,,False
178,,,,,,False
179,,,,,,False
180,,,,,,False
181,,,,,,False
182,,,,,,False
183,,,,,,False
184,,,,,,False
185,,,,,,False
186,,,,,,False
187,,,,,,False
188,,,,,,False
189,,,,,,False
190,,,,,,False
191,,,,,,False
192,,,,,,False
193,,,,,,False
194,800.0,432.0,-3.136842105263158,-0.28421052631578947,0.6363922357559204,True
195,,,,,,False
196,807.0,412.0,3.5,-10.0,0.7381025552749634,True
197,810.0,402.0,3.0,-10.0,0.6389010548591614,True
198,,,,,,False
199,,,,,,False
200,820.0,383.0,3.3333333333333335,-6.333333333333333,0.6498621702194214,True
201,823.0,377.0,3.0,-6.0,0.522476077079773,True
202,826.0,373.0,3.0,-4.0,0.5254510045051575,True
203,,,,,,False
204,833.0,366.0,3.5,-3.5,0.6661800742149353,True
205,,,,,,False
206,,,,,,False
207,847.0,364.0,4.666666666666667,-0.6666666666666666,0.6484778523445129,True
208,849.0,366.0,2.0,2.0,0.7400777339935303,True
209,852.0,368.0,3.0,2.0,0.7360716462135315,True
210,855.0,370.0,3.0,2.0,0.6999849677085876,True
211,858.0,373.0,3.0,3.0,0.6314278244972229,True
212,859.0,376.0,1.0,3.0,0.5514166951179504,True
213,,,,,,False
214,,,,,,False
215,,,,,,False
216,871.0,398.0,3.0,5.5,0.573630690574646,True
217,873.0,406.0,2.0,8.0,0.6935427784919739,True
218,875.0,415.0,2.0,9.0,0.7410535216331482,True
219,875.0,415.0,0.0,0.0,0.740935742855072,True
220,877.0,423.0,2.0,8.0,0.6645012497901917,True
221,,,,,,False
222,,,,,,False
223,,,,,,False
224,,,,,,False
225,,,,,,False
226,,,,,,False
227,,,,,,False
228,882.0,539.0,0.625,14.5,0.5560061931610107,True
229,,,,,,False
230,,,,,,False
231,,,,,,False
232,,,,,,False
233,,,,,,False
234,,,,,,False
235,,,,,,False
236,,,,,,False
237,,,,,,False
238,,,,,,False
239,,,,,,False
240,,,,,,False
241,973.0,454.0,7.0,-6.538461538461538,0.5289761424064636,True
242,,,,,,False
243,,,,,,False
244,,,,,,False
245,979.0,214.0,1.5,-60.0,0.5033054947853088,True
246,979.0,213.0,0.0,-1.0,0.5205997824668884,True
247,979.0,213.0,0.0,0.0,0.5088978409767151,True
248,,,,,,False
249,,,,,,False
250,979.0,213.0,0.0,0.0,0.5282244682312012,True
251,980.0,213.0,1.0,0.0,0.5428462028503418,True
252,980.0,214.0,0.0,1.0,0.5132712125778198,True
253,,,,,,False
254,,,,,,False
255,981.0,214.0,0.3333333333333333,0.0,0.5006845593452454,True
256,,,,,,False
257,,,,,,False
258,,,,,,False
259,,,,,,False
260,,,,,,False
261,,,,,,False
262,,,,,,False
263,,,,,,False
264,,,,,,False
265,,,,,,False
266,,,,,,False
267,,,,,,False
268,,,,,,False
269,,,,,,False
270,,,,,,False
271,,,,,,False
272,,,,,,False
273,,,,,,False
274,,,,,,False
275,981.0,213.0,0.0,-0.05,0.5221604108810425,True
276,981.0,215.0,0.0,2.0,0.537288248538971,True
277,981.0,216.0,0.0,1.0,0.5901967287063599,True
278,980.0,217.0,-1.0,1.0,0.6202836632728577,True
279,979.0,218.0,-1.0,1.0,0.5950660705566406,True
280,979.0,218.0,0.0,0.0,0.5701160430908203,True
281,979.0,220.0,0.0,2.0,0.5248714089393616,True
282,979.0,220.0,0.0,0.0,0.5400536060333252,True
283,979.0,219.0,0.0,-1.0,0.5397992134094238,True
284,978.0,219.0,-1.0,0.0,0.5698556303977966,True
285,978.0,218.0,0.0,-1.0,0.6089065074920654,True
286,978.0,217.0,0.0,-1.0,0.554734468460083,True
287,978.0,215.0,0.0,-2.0,0.5209267735481262,True
288,,,,,,False
289,,,,,,False
290,,,,,,False
291,,,,,,False
292,,,,,,False
293,,,,,,False
294,,,,,,False
295,,,,,,False
296,,,,,,False
297,,,,,,False
298,,,,,,False
299,,,,,,False
300,,,,,,False
301,,,,,,False
302,,,,,,False
303,,,,,,False
304,,,,,,False
305,,,,,,False
306,,,,,,False
307,,,,,,False
308,,,,,,False
309,,,,,,False
310,,,,,,False
311,,,,,,False
312,,,,,,False
313,,,,,,False
314,,,,,,False
315,,,,,,False
316,,,,,,False
317,,,,,,False
318,,,,,,False
319,,,,,,False
320,,,,,,False
321,,,,,,False
322,,,,,,False
323,,,,,,False
324,,,,,,False
325,,,,,,False
326,,,,,,False
327,1256.0,317.0,6.95,2.55,0.7837877869606018,True
328,1254.0,306.0,-2.0,-11.0,0.6764664053916931,True
329,,,,,,False
330,,,,,,False
331,,,,,,False
332,,,,,,False
333,,,,,,False
334,,,,,,False
335,,,,,,False
336,,,,,,False
337,,,,,,False
338,,,,,,False
339,1219.0,239.0,-3.1818181818181817,-6.090909090909091,0.609905481338501,True
340,1215.0,238.0,-4.0,-1.0,0.7373330593109131,True
341,1212.0,237.0,-3.0,-1.0,0.7405519485473633,True
342,1210.0,237.0,-2.0,0.0,0.7253446578979492,True
343,1208.0,238.0,-2.0,1.0,0.6910005807876587,True
344,1204.0,240.0,-4.0,2.0,0.5184164643287659,True
345,,,,,,False
346,,,,,,False
347,,,,,,False
348,1192.0,255.0,-3.0,3.75,0.6732675433158875,True
349,1189.0,262.0,-3.0,7.0,0.753939151763916,True
350,1186.0,268.0,-3.0,6.0,0.7519040107727051,True
351,1184.0,276.0,-2.0,8.0,0.5998839735984802,True
352,1182.0,284.0,-2.0,8.0,0.7085704207420349,True
353,,,,,,False
354,,,,,,False
355,,,,,,False
356,,,,,,False
357,1170.0,339.0,-2.4,11.0,0.6873011589050293,True
358,1170.0,339.0,0.0,0.0,0.6838362812995911,True
359,1167.0,352.0,-3.0,13.0,0.6189889311790466,True
360,,,,,,False
361,,,,,,False
362,,,,,,False
363,,,,,,False
364,,,,,,False
365,,,,,,False
366,,,,,,False
367,,,,,,False
368,,,,,,False
369,,,,,,False
370,,,,,,False
371,,,,,,False
372,,,,,,False
373,,,,,,False
374,,,,,,False
375,,,,,,False
376,,,,,,False
377,,,,,,False
378,,,,,,False
379,,,,,,False
380,,,,,,False
381,,,,,,False
382,,,,,,False
383,,,,,,False
384,,,,,,False
385,,,,,,False
386,,,,,,False
387,,,,,,False
388,,,,,,False
389,,,,,,False
390,,,,,,False
391,,,,,,False
392,,,,,,False
393,,,,,,False
394,,,,,,False
395,,,,,,False
396,,,,,,False
397,,,,,,False
398,,,,,,False
399,,,,,,False
400,,,,,,False
401,,,,,,False
402,,,,,,False
403,,,,,,False
404,,,,,,False
405,,,,,,False
406,,,,,,False
407,,,,,,False
408,,,,,,False
409,,,,,,False
410,,,,,,False
411,,,,,,False
412,,,,,,False
413,,,,,,False
414,,,,,,False
415,,,,,,False
416,,,,,,False
417,,,,,,False
418,,,,,,False
419,,,,,,False
420,,,,,,False
421,,,,,,False
422,,,,,,False
423,,,,,,False
424,,,,,,False
425,,,,,,False
426,,,,,,False
427,,,,,,False
428,,,,,,False
429,,,,,,False
430,,,,,,False
431,,,,,,False
432,,,,,,False
433,,,,,,False
434,,,,,,False
435,,,,,,False
436,,,,,,False
437,,,,,,False
438,,,,,,False
439,,,,,,False
440,,,,,,False
441,,,,,,False
442,,,,,,False
443,,,,,,False
444,,,,,,False
445,,,,,,False
446,,,,,,False
447,,,,,,False
448,,,,,,False
449,,,,,,False
450,,,,,,False
