Frame,Recommended_Action,Best_EPV_Score,EPV_left_receive,EPV_left_set,EPV_left_attack,EPV_right_receive,EPV_right_set,EPV_right_attack
0,left_receive,0.6077,0.6077,0.4981,0.4506,0.1805,0.2642,0.4221
1,left_receive,0.4419,0.4419,0.3082,0.2336,0.0262,0.1386,0.2182
2,left_receive,0.4954,0.4954,0.3035,0.2283,-0.014,0.0818,0.2111
3,left_receive,0.5222,0.5222,0.3259,0.2614,-0.0124,0.0798,0.2567
4,left_receive,0.4359,0.4359,0.3042,0.2204,-0.008,0.0972,0.2449
5,left_receive,0.4038,0.4038,0.2877,0.2155,0.026,0.1272,0.2318
6,left_receive,0.4003,0.4003,0.2907,0.1975,0.0009,0.1016,0.1895
7,left_receive,0.5,0.5,0.36,0.2817,0.0207,0.1413,0.2939
8,left_receive,0.4304,0.4304,0.2203,0.1695,-0.0491,0.042,0.1495
9,left_receive,0.4394,0.4394,0.2617,0.2039,-0.0074,0.0702,0.1819
10,left_receive,0.4462,0.4462,0.3094,0.2388,0.0279,0.1236,0.22
11,left_receive,0.6088,0.6088,0.4735,0.3942,0.0983,0.2406,0.3781
12,left_receive,0.4909,0.4909,0.3602,0.2742,-0.0023,0.1118,0.2659
13,left_receive,0.57,0.57,0.4393,0.3777,0.078,0.1969,0.3405
14,left_receive,0.5625,0.5625,0.4206,0.3446,0.0529,0.1877,0.3427
15,left_receive,0.5325,0.5325,0.3781,0.2915,0.0056,0.0973,0.271
16,left_receive,0.5075,0.5075,0.3083,0.2388,-0.006,0.1005,0.2274
17,left_receive,0.5725,0.5725,0.4261,0.3524,0.0828,0.2254,0.3451
18,left_receive,0.3544,0.3544,0.2393,0.1309,-0.0116,0.0906,0.148
19,left_receive,0.5302,0.5302,0.3689,0.2898,0.0389,0.1601,0.2802
20,left_receive,0.4198,0.4198,0.2664,0.2045,-0.0227,0.0372,0.1865
21,left_receive,0.3913,0.3913,0.2579,0.1705,-0.0592,0.0093,0.133
22,left_receive,0.5049,0.5049,0.3311,0.2817,0.0032,0.0662,0.2181
23,left_receive,0.575,0.575,0.4145,0.344,0.0049,0.0892,0.3015
24,left_receive,0.3468,0.3468,0.2612,0.1809,-0.0285,0.0518,0.1642
25,left_receive,0.4106,0.4106,0.2447,0.1726,-0.0398,0.0306,0.1422
26,left_receive,0.5999,0.5999,0.4283,0.3478,0.0413,0.1195,0.3377
27,left_receive,0.4626,0.4626,0.2893,0.2243,0.0124,0.0754,0.1851
28,left_receive,0.4827,0.4827,0.2883,0.2261,-0.0063,0.0758,0.2065
29,left_receive,0.4504,0.4504,0.2766,0.2097,-0.0035,0.0769,0.1945
30,left_receive,0.3636,0.3636,0.2402,0.2007,0.0111,0.0954,0.1852
31,left_receive,0.4525,0.4525,0.2965,0.2164,-0.0063,0.0733,0.1895
32,left_receive,0.4784,0.4784,0.292,0.2311,-0.0032,0.0731,0.2048
33,left_receive,0.473,0.473,0.3106,0.233,0.0293,0.0934,0.2035
34,left_receive,0.5517,0.5517,0.385,0.3491,0.0541,0.1193,0.2968
35,left_receive,0.5402,0.5402,0.3754,0.3416,0.044,0.1149,0.264
36,left_receive,0.355,0.355,0.2544,0.1773,-0.0116,0.054,0.1599
37,left_receive,0.5396,0.5396,0.3711,0.3368,0.0399,0.1112,0.2589
38,left_receive,0.5245,0.5245,0.3446,0.3056,0.014,0.0811,0.2268
39,left_receive,0.5078,0.5078,0.3246,0.2617,-0.0279,0.0456,0.2329
40,left_receive,0.5273,0.5273,0.3476,0.3126,0.0183,0.0884,0.234
41,left_receive,0.5359,0.5359,0.3598,0.327,0.0297,0.1078,0.2502
42,left_receive,0.4057,0.4057,0.3188,0.2551,0.0086,0.1111,0.2263
43,left_receive,0.4839,0.4839,0.3148,0.2536,0.0011,0.0888,0.2133
44,left_receive,0.4918,0.4918,0.3007,0.2521,0.0123,0.0844,0.2054
45,left_receive,0.4512,0.4512,0.2631,0.2242,-0.0031,0.0664,0.1729
46,left_receive,0.4781,0.4781,0.3049,0.2335,-0.0067,0.0752,0.2255
47,left_receive,0.503,0.503,0.3467,0.2353,0.0143,0.1159,0.2594
48,left_receive,0.5272,0.5272,0.3361,0.2866,0.0296,0.1294,0.2679
49,left_receive,0.4067,0.4067,0.245,0.1871,-0.0132,0.0564,0.1728
50,left_receive,0.4317,0.4317,0.2625,0.1996,-0.0125,0.0713,0.1751
51,left_receive,0.5599,0.5599,0.3796,0.3296,0.0859,0.1767,0.2961
52,left_receive,0.5895,0.5895,0.4296,0.371,0.0806,0.2054,0.3479
53,left_receive,0.6318,0.6318,0.5207,0.4614,0.1797,0.2898,0.4325
54,left_receive,0.6118,0.6118,0.5104,0.4439,0.1717,0.3204,0.4383
55,left_receive,0.4497,0.4497,0.3288,0.2731,0.0394,0.1411,0.2521
56,left_receive,0.4576,0.4576,0.3119,0.2625,0.0419,0.1358,0.2332
57,left_receive,0.5835,0.5835,0.4211,0.3568,0.0554,0.1781,0.3303
58,left_receive,0.5397,0.5397,0.3611,0.2702,0.0136,0.1123,0.2588
59,left_receive,0.4544,0.4544,0.3017,0.2209,-0.0175,0.0742,0.1964
60,left_receive,0.4212,0.4212,0.2965,0.192,-0.0031,0.0819,0.1933
61,left_receive,0.5301,0.5301,0.4122,0.3291,0.09,0.2222,0.3293
62,left_receive,0.5876,0.5876,0.4885,0.4696,0.2614,0.3148,0.4183
63,left_receive,0.4311,0.4311,0.2981,0.213,-0.0088,0.0966,0.2033
64,left_receive,0.428,0.428,0.2847,0.1897,-0.0159,0.0918,0.2007
65,left_receive,0.4136,0.4136,0.2609,0.1743,-0.0309,0.0787,0.1725
66,left_receive,0.4518,0.4518,0.3595,0.2329,0.002,0.1344,0.2611
67,left_receive,0.5201,0.5201,0.3392,0.2606,0.0167,0.12,0.2473
68,left_receive,0.5564,0.5564,0.4258,0.329,0.0699,0.1831,0.3076
69,left_receive,0.4943,0.4943,0.3533,0.2547,0.0186,0.14,0.2562
70,left_receive,0.5558,0.5558,0.4356,0.3414,0.0883,0.208,0.3351
71,left_receive,0.5192,0.5192,0.3381,0.2604,0.0148,0.118,0.2464
72,left_receive,0.4438,0.4438,0.3097,0.2055,-0.0218,0.053,0.2126
73,left_receive,0.4404,0.4404,0.2915,0.2078,-0.0062,0.1074,0.1951
74,left_receive,0.4521,0.4521,0.3612,0.2929,0.0255,0.1129,0.2729
75,left_receive,0.5172,0.5172,0.3361,0.2588,0.0135,0.1162,0.245
76,left_receive,0.5037,0.5037,0.3948,0.2958,0.0158,0.1283,0.2792
77,left_receive,0.5618,0.5618,0.4126,0.3374,0.0408,0.115,0.3201
78,left_receive,0.626,0.626,0.5109,0.4713,0.2292,0.282,0.4349
79,left_receive,0.4983,0.4983,0.3277,0.271,-0.0234,0.0357,0.2341
80,left_receive,0.5682,0.5682,0.386,0.2772,-0.0221,0.042,0.2504
81,left_receive,0.588,0.588,0.4299,0.3414,0.0697,0.1449,0.3412
82,left_receive,0.5623,0.5623,0.3811,0.3006,0.0006,0.0855,0.2551
83,left_receive,0.596,0.596,0.4673,0.3662,0.0965,0.1724,0.3698
84,left_receive,0.4926,0.4926,0.3921,0.2822,0.0092,0.1286,0.2709
85,left_receive,0.5119,0.5119,0.3563,0.2532,-0.0065,0.0731,0.2413
86,left_receive,0.4592,0.4592,0.2764,0.2508,0.0333,0.0949,0.2419
87,left_receive,0.5733,0.5733,0.4059,0.3998,0.1342,0.2261,0.3625
88,left_receive,0.5516,0.5516,0.3859,0.3743,0.1373,0.2072,0.3439
89,left_receive,0.6133,0.6133,0.4477,0.4439,0.195,0.2829,0.4058
90,left_receive,0.4495,0.4495,0.2916,0.2788,0.0489,0.1128,0.235
91,left_receive,0.577,0.577,0.4305,0.334,0.0685,0.1641,0.3345
92,left_receive,0.6173,0.6173,0.4863,0.3913,0.1044,0.1566,0.3796
93,left_receive,0.6398,0.6398,0.5184,0.4564,0.1987,0.2434,0.4189
94,left_receive,0.567,0.567,0.4062,0.3269,0.0558,0.1488,0.2957
95,left_receive,0.4772,0.4772,0.3425,0.2441,0.0073,0.0874,0.2339
96,left_receive,0.5661,0.5661,0.3974,0.3175,0.0492,0.1404,0.2796
97,left_receive,0.6036,0.6036,0.4907,0.4373,0.1734,0.2434,0.3994
98,left_receive,0.5014,0.5014,0.3377,0.2447,-0.0322,0.0452,0.2169
99,left_receive,0.3582,0.3582,0.1816,0.1298,-0.0562,-0.0258,0.1172
100,left_receive,0.3712,0.3712,0.1833,0.1404,-0.0522,-0.0129,0.1233
101,left_receive,0.5372,0.5372,0.4007,0.3476,0.1304,0.1784,0.3333
102,left_receive,0.2866,0.2866,0.1535,0.0963,-0.0649,-0.0192,0.0699
103,left_receive,0.6537,0.6537,0.5682,0.5023,0.2132,0.2901,0.4781
104,left_receive,0.3705,0.3705,0.291,0.2106,0.0259,0.0675,0.1969
105,left_receive,0.5519,0.5519,0.4662,0.4387,0.2431,0.2987,0.3995
106,left_receive,0.4659,0.4659,0.3474,0.2434,0.0193,0.119,0.1881
107,left_receive,0.6097,0.6097,0.5094,0.4681,0.2248,0.2664,0.4235
108,left_receive,0.6138,0.6138,0.5256,0.4692,0.285,0.3403,0.4419
109,left_receive,0.6684,0.6684,0.5554,0.4623,0.2109,0.3403,0.4883
110,left_receive,0.3848,0.3848,0.2789,0.2204,0.0229,0.0991,0.1807
111,left_receive,0.411,0.411,0.2496,0.1951,-0.0381,0.0406,0.1494
112,left_receive,0.474,0.474,0.3139,0.243,0.0232,0.0965,0.2378
113,left_receive,0.4784,0.4784,0.3527,0.2746,-0.0072,0.0918,0.249
114,left_receive,0.4185,0.4185,0.3201,0.2278,-0.0191,0.0656,0.2119
115,left_receive,0.5897,0.5897,0.4659,0.3865,0.0767,0.2105,0.357
116,left_receive,0.6379,0.6379,0.5208,0.4537,0.1939,0.2892,0.4037
117,left_receive,0.4873,0.4873,0.3417,0.2786,-0.0141,0.0778,0.2425
118,left_receive,0.4832,0.4832,0.389,0.3114,-0.0144,0.0936,0.2715
119,left_receive,0.386,0.386,0.2704,0.2031,-0.0444,0.0548,0.1723
120,left_receive,0.3917,0.3917,0.2731,0.2224,-0.0265,0.078,0.1963
121,left_receive,0.5033,0.5033,0.3679,0.2817,0.0276,0.107,0.2438
122,left_receive,0.5126,0.5126,0.3859,0.3556,0.1665,0.2457,0.3465
123,left_receive,0.5454,0.5454,0.4219,0.3433,0.0417,0.125,0.3023
124,left_receive,0.5992,0.5992,0.4722,0.4259,0.2267,0.3061,0.405
125,left_receive,0.5877,0.5877,0.4766,0.415,0.1602,0.257,0.3897
126,left_receive,0.5479,0.5479,0.4598,0.4113,0.1976,0.2501,0.3968
127,left_receive,0.5233,0.5233,0.3709,0.3088,0.0384,0.1282,0.2762
128,left_receive,0.5807,0.5807,0.4318,0.3584,0.0923,0.1691,0.3298
129,left_receive,0.4836,0.4836,0.3458,0.2476,-0.0133,0.0847,0.2388
130,left_receive,0.429,0.429,0.3386,0.2076,-0.0382,0.0549,0.2147
131,left_receive,0.5734,0.5734,0.455,0.3908,0.0867,0.1954,0.3672
132,left_receive,0.4798,0.4798,0.3116,0.237,-0.0014,0.0757,0.2098
133,left_receive,0.5722,0.5722,0.4604,0.3789,0.1189,0.2084,0.3554
134,left_receive,0.6285,0.6285,0.57,0.4832,0.2486,0.3588,0.4757
135,left_receive,0.6171,0.6171,0.5554,0.4555,0.1441,0.2694,0.4238
136,left_receive,0.4521,0.4521,0.3305,0.262,-0.0202,0.0482,0.2202
137,left_receive,0.5518,0.5518,0.4587,0.3444,0.1121,0.2232,0.3515
138,left_receive,0.4469,0.4469,0.3378,0.2625,-0.0054,0.0784,0.2372
139,left_receive,0.3996,0.3996,0.2444,0.2135,0.0186,0.0542,0.2001
140,left_receive,0.5184,0.5184,0.3963,0.3576,0.1237,0.1965,0.3284
141,left_receive,0.5362,0.5362,0.3679,0.3202,0.0542,0.13,0.2639
142,left_receive,0.5079,0.5079,0.3796,0.274,0.0006,0.111,0.2599
143,left_receive,0.3231,0.3231,0.1966,0.143,-0.0248,0.0274,0.1225
144,left_receive,0.3037,0.3037,0.1895,0.1339,-0.037,-0.0051,0.122
145,left_receive,0.3294,0.3294,0.2032,0.161,-0.0513,0.011,0.1277
146,left_receive,0.4584,0.4584,0.2759,0.2108,0.0058,0.0495,0.1834
147,left_receive,0.3694,0.3694,0.2272,0.1746,-0.016,0.0431,0.1605
148,left_receive,0.4779,0.4779,0.3396,0.2729,0.0386,0.1077,0.2565
149,left_receive,0.6146,0.6146,0.4904,0.4192,0.1391,0.2615,0.3969
150,left_receive,0.5582,0.5582,0.4223,0.3305,0.0127,0.1319,0.306
